,time,ch1,ch2,ch3,ch4,ch5,ch6,tag,ID,Repeticion
0,0,76.76202902240038,113.96483156783052,-521.7591430912689,260.18145267152477,-333.8054353360494,31.33856636249402,1,2,1
1,3,379.6956227724004,225.96947023970552,-260.6692993412689,569.8648022808998,2042.8351896639506,-110.72906059063098,1,2,1
2,7,-267.0504709775996,-561.4826781977945,-265.9212524662689,-248.18671139097523,-93.78981033604941,219.74139839374402,1,2,1
3,11,-498.4137522275996,-516.1086547602945,-591.9886352787689,-423.20087154722523,-2115.8054353360494,278.638371049994,1,2,1
4,15,-25.609064727599616,24.848376489705515,-559.3548462162689,165.07476321839977,-789.2898103360494,57.89227729999402,1,2,1
5,19,405.3792165224004,311.3754760990805,-296.3196899662689,585.7791089215248,1860.8820646639506,-115.64654105938098,1,2,1
6,23,-139.37859597759962,-455.2671020259195,-234.94078371626892,-90.51752193785023,485.6476896639506,181.90008979999402,1,2,1
7,27,-527.7614084775996,-577.2404906977945,-542.4349243412689,-431.20282467222523,-2053.2898103360494,316.122257768744,1,2,1
8,32,-113.18328347759962,-70.23585202591948,-597.1067993412689,64.15655032777477,-1177.7429353360494,118.35370308124402,1,2,1
9,35,371.1799977724004,327.4687378178305,-365.8997680912689,585.1086987652748,1548.7414396639506,-122.53081840313098,1,2,1
10,85,2.332341522400384,-315.1662719477945,-191.11070559126892,71.89019290589977,1057.7883146639506,94.14716011249402,1,2,1
11,89,-540.3903147275996,-630.7060668696695,-489.7513305912689,-494.81586178160023,-1884.9773103360494,337.378605424994,1,2,1
12,93,-212.53484597759962,-175.69141843216948,-606.3831665287689,-46.57391842222523,-1523.6335603360494,170.18768745624402,1,2,1
13,97,328.0628102724004,322.8642456303305,-406.7376587162689,529.0952710308998,1116.1945646639506,-94.36748832500598,1,2,1
14,101,141.96124777240038,-155.95484616654448,-184.11461184126892,227.59258548402477,1522.5226896639506,33.61835151874402,1,2,1
15,105,-514.9332834775996,-663.4065063227945,-424.8646118412689,-467.81488521910023,-1584.3210603360494,323.699406206244,1,2,1
16,109,-309.5426584775996,-269.3452270259195,-615.0550415287689,-146.79926021910023,-1795.7898103360494,202.15057808124402,1,2,1
17,113,251.66437277240038,275.2326538334555,-462.0345337162689,438.99541751527477,626.1476896639506,-68.59600395000598,1,2,1
18,117,243.35187277240038,-6.980480932169485,-198.14976809126892,353.70098392152477,1868.2883146639506,-47.36211723125598,1,2,1
19,121,-462.0700022275996,-667.2509887446695,-362.7708618412689,-420.29510982847523,-1170.3523103360494,298.821964799994,1,2,1
20,124,-383.2809397275996,-356.1818969477945,-618.0276977787689,-231.06537350035023,-1994.5398103360494,237.80145698749402,1,2,1
21,128,165.54327902240038,198.70018313033052,-500.6360962162689,359.62432376527477,105.58518966395059,-32.94512504375598,1,2,1
22,132,332.3753102724004,135.62352297408052,-224.05601809126892,484.41411868714977,2013.6789396639506,-85.20342582500598,1,2,1
23,136,-381.6051584775996,-631.2871215571695,-305.9075805912689,-340.16425045347523,-678.0866853360494,276.201847612494,1,2,1
24,140,-446.1325022275996,-430.2107055415445,-591.4964477787689,-318.50531490660023,-2109.4929353360494,279.152531206244,1,2,1
25,144,62.054997772400384,103.74998781783052,-557.9017212162689,266.55156985902477,-380.3679353360494,20.20721870624402,1,2,1
26,148,385.2620290224004,247.85179445845552,-283.7806274662689,552.2515210308998,2003.7570646639506,-109.94683402813098,1,2,1
27,152,-250.01922097759962,-542.7741821040445,-246.38609621626892,-237.25677975035023,-88.80543533604941,234.65008979999402,1,2,1
28,156,-511.0895334775996,-516.3545043696695,-542.7474243412689,-386.07465084410023,-2139.2741853360494,290.820011674994,1,2,1
29,160,-31.597345977599616,12.286608911580515,-562.6624634037689,151.08257571839977,-835.2273103360494,70.99042183124402,1,2,1
30,163,399.0745290224004,318.6396362553305,-300.8567993412689,588.2378491558998,1827.2258146639506,-118.44048637188098,1,2,1
31,167,-128.87468972759962,-444.1806762446695,-195.24547121626892,-91.05389889097523,509.9758146639506,164.57733589374402,1,2,1
32,171,-545.5309397275996,-589.5339477290445,-534.2093384037689,-455.78973873472523,-2072.1335603360494,302.443058549994,1,2,1
33,175,-136.20672097759962,-89.74903561966948,-577.3480102787689,60.64727298402477,-1221.8366853360494,119.42694526874402,1,2,1
34,179,378.2893727724004,332.3637573490805,-341.8724243412689,581.7112378277748,1511.6164396639506,-117.92632621563098,1,2,1
35,183,5.797185272400384,-297.7319457759195,-187.97984621626892,86.01665774964977,1083.0695646639506,102.41717964374402,1,2,1
36,187,-541.6442209775996,-631.6670043696695,-481.4134399662689,-469.49139889097523,-1889.9616853360494,321.710148393744,1,2,1
37,191,-227.39812722759962,-179.51368405716948,-604.9974243412689,-59.38153560972523,-1585.1335603360494,164.35370308124402,1,2,1
38,195,322.2503102724004,321.9252807865805,-393.1028930912689,539.1758374371498,1069.5070646639506,-108.42681449688098,1,2,1
39,199,131.18781027240038,-149.40577390091948,-178.70445559126892,238.67901126527477,1536.8351896639506,29.34930854999402,1,2,1
40,193,-522.0856272275996,-663.0041625727945,-419.0970337162689,-478.00726803160023,-1595.5710603360494,338.004581987494,1,2,1
41,197,-313.6989084775996,-272.6311156977945,-615.6810180912689,-151.29193600035023,-1821.0241853360494,198.26141792499402,1,2,1
42,201,234.07452902240038,260.8156616459555,-464.3607055912689,433.94390384339977,568.9289396639506,-81.09063285625598,1,2,1
43,205,241.82843527240038,1.2001831303305153,-197.47984621626892,395.05181399964977,1863.1008146639506,-40.76836723125598,1,2,1
44,209,-448.0348459775996,-649.6379516352945,-358.7259399662689,-423.44672115660023,-1170.9460603360494,316.703312456244,1,2,1
45,213,-379.8160959775996,-348.8503539790445,-605.1087524662689,-242.46454342222523,-2023.0710603360494,239.27704292499402,1,2,1
46,217,150.90265402240038,192.06175539595552,-471.8470337162689,341.16167728089977,56.99143966395059,-15.82354301250598,1,2,1
47,221,319.5471852724004,134.88597414595552,-219.33922121626892,469.99712649964977,2010.2414396639506,-87.52788871563098,1,2,1
48,225,-396.9606272275996,-641.9489867915445,-313.9993774662689,-315.21967037535023,-641.9304353360494,266.009464799994,1,2,1
49,229,-455.8590647275996,-441.3867309321695,-575.7161743412689,-312.60443600035023,-2130.4929353360494,275.888859331244,1,2,1
50,233,57.652654022400384,105.06883547408052,-520.1282837162689,241.51763431214977,-439.3991853360494,32.00897651874402,1,2,1
51,237,382.9378102724004,252.03148195845552,-253.31383059126892,572.3904370465248,1984.3508146639506,-108.00225395000598,1,2,1
52,241,-258.9606272275996,-548.4292114009195,-249.76109621626892,-222.10223873472523,-72.55543533604941,217.88641792499402,1,2,1
53,245,-509.4996897275996,-514.4546020259195,-570.9778930912689,-393.38373287535023,-2164.8210603360494,293.770206987494,1,2,1
54,249,-50.171564727599616,3.2787964115805153,-545.5189087162689,149.33916751527477,-888.8679353360494,79.93133979999402,1,2,1
55,253,389.5315602724004,312.8505737553305,-294.8665649662689,592.5071362652748,1804.1320646639506,-126.08477348125598,1,2,1
56,257,-135.84734597759962,-437.3857543696695,-217.99937746626892,-67.18231685972523,550.2883146639506,163.32587104999402,1,2,1
57,261,-566.1403147275996,-606.9235961665445,-530.6556274662689,-446.98309810972523,-2074.8835603360494,319.922062456244,1,2,1
58,265,-157.08172097759962,-102.28834226029448,-592.8372680912689,42.20708743714977,-1269.7273103360494,118.21991401874402,1,2,1
59,269,367.6917165224004,341.0585815678305,-351.3275024662689,562.1086987652748,1460.6320646639506,-120.38506645000598,1,2,1
60,264,-7.948908477599616,-302.9624145259195,-201.90562746626892,62.86016360902477,1081.0539396639506,95.06366401874402,1,2,1
61,268,-548.4371897275996,-641.1442992915445,-471.1771118412689,-471.65936764097523,-1903.0866853360494,327.566105424994,1,2,1
62,272,-234.10515847759962,-183.33570554154448,-587.8089477787689,-29.720646937850233,-1586.8523103360494,167.86298042499402,1,2,1
63,276,305.5784352724004,313.1857788334555,-399.9192993412689,535.3088940777748,1028.1945646639506,-102.25786918438098,1,2,1
64,280,134.14093527240038,-141.20264890091948,-182.34703371626892,242.52349368714977,1550.4601896639506,14.84296089374402,1,2,1
65,284,-533.7301584775996,-674.4482543696695,-442.9251587162689,-474.56512935972523,-1590.1491853360494,316.077335893744,1,2,1
66,288,-313.8121897275996,-274.2402465571695,-609.6019165287689,-157.95282467222523,-1856.4148103360494,213.30438667499402,1,2,1
67,292,226.80890402240038,266.2695190678305,-436.9798462162689,445.94683353089977,519.5070646639506,-60.81768363750598,1,2,1
68,296,250.70343527240038,10.744372583455515,-177.94468996626892,402.20440189027477,1865.5070646639506,-37.72832816875598,1,2,1
69,300,-466.5426584775996,-667.1394164790445,-347.4153930912689,-420.42914303160023,-1135.7741853360494,302.845402299994,1,2,1
70,308,-410.2145334775996,-372.7890746821695,-611.0989868412689,-252.70184810972523,-2049.2429353360494,235.23114448749402,1,2,1
71,312,135.97296652240038,184.41746828658052,-494.6458618412689,344.60381595277477,-0.4773103360494133,-7.329890668755979,1,2,1
72,316,325.5393727724004,145.27952883345552,-231.18687746626892,503.81548587464977,2013.5226896639506,-75.81573051250598,1,2,1
73,320,-377.7614084775996,-631.3989379634195,-322.6048462162689,-323.06512935972523,-604.9773103360494,262.589542924994,1,2,1
74,324,-477.7184397275996,-455.0437133540445,-605.9808227787689,-327.08832271910023,-2149.6023103360494,273.877140581244,1,2,1
75,328,19.027654022400384,77.82200930220552,-535.9075805912689,239.32720462464977,-483.2741853360494,31.13739448749402,1,2,1
76,332,381.0159352724004,255.20531008345552,-250.72203371626892,563.3828686871498,1963.8976896639506,-115.19951957500598,1,2,1
77,336,-255.62859597759962,-536.8061645259195,-247.28062746626892,-212.55804928160023,-37.82106033604941,221.90936714374402,1,2,1
78,340,-528.5660959775996,-530.6594360102945,-558.7288696537689,-398.34564693785023,-2169.8991853360494,295.826847612494,1,2,1
79,344,-65.88640847759962,-10.422619604044485,-564.8978149662689,136.46441165589977,-926.5710603360494,74.20917183124402,1,2,1
80,340,379.7190602724004,315.7116577397055,-311.3392212162689,582.7170972027748,1755.3820646639506,-120.40728324688098,1,2,1
81,344,-135.06609597759962,-433.8542602290445,-221.50718996626892,-62.10834225035023,568.0226896639506,151.97089058124402,1,2,1
82,348,-551.8356272275996,-599.5700805415445,-538.8802368412689,-460.66229732847523,-2081.7116853360494,298.195988237494,1,2,1
83,352,-163.49578347759962,-100.14259030716948,-584.9026977787689,14.602839390274767,-1328.3991853360494,114.19647651874402,1,2,1
84,356,347.3323415224004,336.2751343022055,-353.4954712162689,556.7219800152748,1396.3195646639506,-108.38213676250598,1,2,1
85,360,17.375310272400384,-278.5542114009195,-194.28453371626892,134.78814212464977,1113.5070646639506,95.73407417499402,1,2,1
86,364,-546.7848459775996,-638.5290649165445,-482.8001587162689,-469.04437740660023,-1892.6023103360494,321.620792924994,1,2,1
87,368,-262.7614084775996,-197.93140866654448,-604.9075805912689,-62.42133053160023,-1640.7429353360494,162.29755073749402,1,2,1
88,372,296.0784352724004,313.6105835209555,-400.0755493412689,515.7065991558998,961.2258146639506,-81.85064262188098,1,2,1
89,376,147.61749777240038,-123.74610593216948,-189.05406496626892,258.99663821839977,1568.7726896639506,31.67401558124402,1,2,1
90,382,-542.9410959775996,-680.9079711665445,-421.1087524662689,-466.40668209410023,-1563.8523103360494,321.262882768744,1,2,1
91,386,-348.8590647275996,-299.4753539790445,-622.2747680912689,-171.65424068785023,-1906.8523103360494,206.19647651874402,1,2,1
92,390,223.70343527240038,264.1909057865805,-462.6380493412689,430.00982181214977,452.9758146639506,-58.20244926250598,1,2,1
93,394,257.6995290224004,34.884265161580515,-188.04820559126892,411.21221439027477,1861.6633146639506,-37.16973441875598,1,2,1
94,398,-471.5700022275996,-665.6640746821695,-351.4173462162689,-410.21454342222523,-1143.7273103360494,307.025089799994,1,2,1
95,402,-413.0543772275996,-370.3305785884195,-618.4974243412689,-247.49384029722523,-2065.1335603360494,244.61883979999402,1,2,1
96,406,126.87531027240038,177.68968508345552,-501.3528930912689,337.13848392152477,-40.64918533604941,-10.66045707500598,1,2,1
97,410,325.6057790224004,149.66038820845552,-232.25914309126892,509.06792728089977,2003.8039396639506,-97.25103324688098,1,2,1
98,414,-377.2457834775996,-619.9323852290445,-298.1067993412689,-323.71332271910023,-578.3366853360494,240.52850776874402,1,2,1
99,418,-479.1910959775996,-451.1543090571695,-595.2737915287689,-348.43426998472523,-2174.6335603360494,278.794621049994,1,2,1
100,413,29.219060272400384,85.71214602095552,-526.2298462162689,229.78301517152477,-541.5085603360494,57.51239448749402,1,2,1
101,417,378.6448415224004,264.2578003178305,-262.7923462162689,574.7151440777748,1937.0539396639506,-110.34917777813098,1,2,1
102,421,-253.73015847759962,-535.6440551509195,-252.59898684126892,-188.75336178160023,-8.539810336049413,205.19061714374402,1,2,1
103,425,-527.8512522275996,-526.2563598384195,-562.2161743412689,-399.86566646910023,-2183.3679353360494,295.245792924994,1,2,1
104,429,-69.01531472759962,-9.327404760294485,-571.2454712162689,126.58501712464977,-973.3835603360494,79.52899604999402,1,2,1
105,433,377.1018727724004,314.9963257084555,-329.2884399662689,576.2349194683998,1728.6008146639506,-140.05450004375598,1,2,1
106,437,-118.32390847759962,-412.2175414790445,-216.41148684126892,-60.00726803160023,595.8195646639506,155.36835151874402,1,2,1
107,441,-547.4098459775996,-592.3728149165445,-521.7142212162689,-440.94818600035023,-2106.9929353360494,329.332218706244,1,2,1
108,445,-179.81218972759962,-119.25343015091948,-608.9759399662689,16.949763218399767,-1404.7273103360494,139.02948433124402,1,2,1
109,449,332.7112477724004,326.4404175053305,-365.6771118412689,558.9124097027748,1323.2883146639506,-107.66680473125598,1,2,1
110,456,34.918279022400384,-252.24610593216948,-184.85093996626892,113.12920657777477,1113.0383146639506,82.12176948749402,1,2,1
111,460,-550.6051584775996,-635.1762817134195,-472.8763305912689,-472.53119381285023,-1891.0710603360494,321.374699174994,1,2,1
112,464,-262.2926584775996,-200.32301022904448,-607.7913696537689,-75.16180904722523,-1681.2898103360494,168.93573433124402,1,2,1
113,468,295.3167165224004,319.3996460209555,-412.6380493412689,505.11187259339977,902.9133146639506,-105.07403129375598,1,2,1
114,472,154.05499777240038,-110.46900632279448,-189.58922121626892,268.89849368714977,1566.0226896639506,-15.44366020000598,1,2,1
115,476,-520.6090647275996,-665.3064086665445,-414.6263305912689,-454.35931881285023,-1568.8366853360494,316.412785112494,1,2,1
116,480,-335.6715647275996,-278.4423949946695,-607.5228149662689,-174.89545162535023,-1927.0241853360494,222.73651558124402,1,2,1
117,484,221.08624777240038,269.6894409428305,-470.9974243412689,418.78936282777477,396.6945646639506,-48.54668754375598,1,2,1
118,488,270.2151540224004,51.044665552205515,-208.47789309126892,411.68145267152477,1882.9914396639506,-46.19951957500598,1,2,1
119,492,-459.8356272275996,-653.1247680415445,-340.9329712162689,-406.99579342222523,-1117.7585603360494,293.547062456244,1,2,1
120,499,-416.9645334775996,-367.9165160884195,-606.5618774662689,-256.50165279722523,-2089.2273103360494,239.34393745624402,1,2,1
121,503,125.89093527240038,186.07152102095552,-497.8880493412689,316.77593509339977,-97.41481033604941,-13.72246879375598,1,2,1
122,507,343.3753102724004,181.48948977095552,-229.84508059126892,528.1340893902748,2018.2883146639506,-90.76885551250598,1,2,1
123,511,-359.2535959775996,-602.9004028071695,-297.7728149662689,-298.45575435972523,-529.6804353360494,255.50409370624402,1,2,1
124,515,-499.8668772275996,-472.1650512446695,-627.4153930912689,-354.71503170347523,-2200.3835603360494,267.417667924994,1,2,1
125,519,9.840154022400384,77.06199953658052,-564.3616821537689,209.06304446839977,-588.3210603360494,30.73505073749402,1,2,1
126,523,380.5667165224004,273.5561401615805,-270.5696899662689,541.0310620465248,1965.9914396639506,-140.00982230938098,1,2,1
127,527,-252.09734597759962,-542.0366332759195,-284.4505493412689,-198.36468990660023,98.36643966395059,164.68915229999402,1,2,1
128,531,-545.3746897275996,-549.9267699946695,-594.3802368412689,-407.55463131285023,-2178.8991853360494,295.692570268744,1,2,1
129,535,-116.42547097759962,-48.107678197794485,-628.8685180912689,100.81353274964977,-1037.8523103360494,70.43182808124402,1,2,1
130,571,322.1409352724004,275.3220093022055,-438.4310180912689,575.8997143902748,1694.0070646639506,-157.84649223125598,1,2,1
131,575,-143.67156472759962,-422.6560180415445,-268.5130493412689,-38.84027584410023,627.1633146639506,121.39374214374402,1,2,1
132,579,-562.4528147275996,-591.0539672602945,-520.0384399662689,-453.73334225035023,-2104.7585603360494,312.858585893744,1,2,1
133,583,-151.56218972759962,-83.08814694779448,-526.4525024662689,30.740778843399767,-1389.8366853360494,149.22186714374402,1,2,1
134,587,368.8323415224004,366.1147339115805,-327.7454712162689,575.1621655621498,1340.2258146639506,-108.67266410625598,1,2,1
135,591,33.871404022400384,-245.00416257279448,-187.57750246626892,140.75591556214977,1195.2883146639506,70.69989448749402,1,2,1
136,595,-551.6559397275996,-637.7915160884195,-464.4271118412689,-471.95013912535023,-1872.2741853360494,335.635441362494,1,2,1
137,599,-276.8434397275996,-204.81593015091948,-605.3773071537689,-84.66132076597523,-1723.0085603360494,176.75897651874402,1,2,1
138,603,277.8167165224004,314.7729370365805,-429.8939087162689,504.53057376527477,883.9758146639506,-81.24712699688098,1,2,1
139,607,167.37531027240038,-82.97657468216948,-173.27281496626892,295.05010501527477,1626.8820646639506,1.9235272999940207,1,2,1
140,601,-529.0817209775996,-666.4463012446695,-433.2239868412689,-458.42718990660023,-1522.4460603360494,298.821964799994,1,2,1
141,605,-361.1754709775996,-293.8205688227945,-640.2454712162689,-204.60077389097523,-1972.5554353360494,204.58710151874402,1,2,1
142,609,194.37921652240038,262.5143921147055,-472.0267212162689,415.79424564027477,359.7258146639506,-46.62432426250598,1,2,1
143,613,258.6604665224004,39.242907739705515,-239.03258059126892,406.58526126527477,1902.7570646639506,-54.00030082500598,1,2,1
144,617,-471.9723459775996,-662.2441528071695,-349.9192993412689,-430.08514889097523,-1081.9616853360494,290.775089799994,1,2,1
145,621,-474.0739084775996,-408.5742309321695,-600.4153930912689,-284.08368404722523,-2139.0866853360494,239.59003120624402,1,2,1
146,625,79.26593527240038,149.03465578658052,-543.1722290287689,275.87237064027477,-145.0866853360494,-24.65264457500598,1,2,1
147,629,312.4612477724004,157.86351320845552,-255.19273684126892,520.6462964215248,1986.3508146639506,-139.18291801250598,1,2,1
148,633,-396.8707834775996,-646.7544067134195,-330.9192993412689,-358.87250240660023,-566.2429353360494,200.58612495624402,1,2,1
149,637,-595.8668772275996,-553.1455199946695,-720.1976196537689,-469.13373287535023,-2251.8523103360494,208.31952339374402,1,2,1
150,640,-121.42937722759962,-29.019299291544485,-704.9759399662689,112.50347415589977,-702.5398103360494,-7.687312543755979,1,2,1
151,644,290.3323415224004,183.05394289595552,-392.7454712162689,576.4138745465248,1907.1789396639506,-167.63653129375598,1,2,1
152,648,-212.31218972759962,-505.7597778071695,-193.21031496626892,-259.31781490660023,91.69456466395059,153.51337104999402,1,2,1
153,652,-516.7418772275996,-513.4040649165445,-449.5638305912689,-503.62250240660023,-2289.9460603360494,278.817081987494,1,2,1
154,656,-169.03875222759962,-83.02125241654448,-635.9993774662689,69.14092532777477,-1117.7898103360494,104.74188667499402,1,2,1
155,660,222.00421652240038,202.58934328658052,-507.6107055912689,424.15386478089977,1569.0226896639506,-84.26470512188098,1,2,1
156,664,-257.3278147275996,-517.2485473384195,-379.8040649662689,-84.41547115660023,572.7258146639506,155.01092964374402,1,2,1
157,668,-695.5348459775996,-706.5678832759195,-605.3548462162689,-509.67987545347523,-2149.3054353360494,262.567570268744,1,2,1
158,672,-449.4410959775996,-349.6550414790445,-950.2864868412689,-80.90619381285023,-1549.1648103360494,-25.27813285625598,1,2,1
159,676,-32.827814727599616,62.019274927205515,-800.8880493412689,319.03350345277477,1202.3820646639506,-276.623835981256,1,2,1
160,680,-252.07781472759962,-447.8464477290445,-357.0482055912689,40.35186282777477,1130.4601896639506,-90.34429496563098,1,2,1
161,684,-849.0231272275996,-924.474987768107,-734.0784790287689,-529.4611254534752,-1914.0554353360494,190.30438667499402,1,2,1
162,688,-987.6481272275996,-888.8686645259195,-1563.596057153769,-447.40790279722523,-1944.3679353360494,22.50946479999402,1,2,1
163,692,-384.4215647275996,-289.9536254634195,-1277.181018091269,232.12993899964977,606.0070646639506,-233.59673637188098,1,2,1
164,696,157.27374777240038,-111.40797116654448,-162.83531496626892,266.37285892152477,1675.9445646639506,-61.77862113750598,1,2,1
165,700,-568.1754709775996,-686.5405395259195,-411.0071899662689,-503.57782467222523,-1463.8054353360494,226.38007026874402,1,2,1
166,704,-1275.0035959775996,-939.9870727290445,-1384.848986841269,-341.34882076597523,-2112.8054353360494,-51.00518363750598,1,2,1
167,708,-778.0817209775996,-492.1699340571695,-1525.799182153769,343.84405032777477,238.7570646639506,-402.285212934381,1,2,1
168,712,-260.8590647275996,-389.5305297602945,-622.4534790287689,368.83330814027477,1929.8820646639506,-289.610164106256,1,2,1
169,716,-575.2379709775996,-893.6965453852945,-434.5208618412689,-555.5455981097252,-1092.8523103360494,65.51434761249402,1,2,1
170,725,-546.8278147275996,-454.8200805415445,-629.8743774662689,-398.12225826597523,-2261.8054353360494,219.65204292499402,1,2,1
171,729,-342.6012522275996,-235.01295163529448,-957.6624634037689,205.12896243714977,-314.6335603360494,68.95673042499402,1,2,1
172,733,-156.61297097759962,-325.3139770259195,-805.7161743412689,413.73784915589977,1958.9133146639506,-174.20806449688098,1,2,1
173,737,-705.2340647275996,-952.749890111857,-533.9183227787689,-442.37860592222523,-523.0241853360494,92.64960151874402,1,2,1
174,741,-867.3746897275996,-807.8435180415445,-953.9075805912689,-514.6417895159752,-2303.2273103360494,149.95917183124402,1,2,1
175,745,-300.7809397275996,-180.60889890091948,-826.9056274662689,-5.916203578475233,-749.5241853360494,60.03827339374402,1,2,1
176,749,227.12140402240038,56.431384302205515,-487.3157837162689,474.53448001527477,1857.4914396639506,-201.65606254375598,1,2,1
177,753,64.04327902240038,-420.9795043696695,93.60609128373108,-118.90424068785023,168.4289396639506,-36.40948051250598,1,2,1
178,757,-63.808283477599616,-216.37159421341948,65.17445065873108,-380.53143795347523,-2181.3366853360494,370.257999956244,1,2,1
179,761,-129.83562722759962,48.317614770955515,-160.59898684126892,-21.405949672225233,-1108.5398103360494,196.56268745624402,1,2,1
180,753,361.7034352724004,261.1733276615805,-5.903674341268925,436.91656009339977,1646.8039396639506,-142.96026176250598,1,2,1
181,757,13.617497772400384,-377.6171996821695,81.06702878373108,-113.47284420347523,673.5539396639506,184.82782417499402,1,2,1
182,761,-694.7067209775996,-822.416882299357,-523.4583618412689,-470.11713131285023,-2165.0866853360494,268.579777299994,1,2,1
183,765,-201.04656472759962,-439.0173461665445,-403.7415649662689,-92.46210201597523,-1543.9773103360494,-34.35332816875598,1,2,1
184,769,399.2307790224004,57.526599145955515,-301.3939087162689,292.23369876527477,1128.2883146639506,-313.034724653131,1,2,1
185,773,-73.06218972759962,-624.7827270259195,-336.7767212162689,13.485163609024767,1144.2414396639506,59.88202339374402,1,2,1
186,777,-881.7457834775996,-1134.5813110102945,-623.7952759037689,-648.7077074847252,-1906.5398103360494,370.325382768744,1,2,1
187,781,-570.1637522275996,-716.022595189982,-708.9554321537689,-319.13104732847523,-1937.0554353360494,125.39471870624402,1,2,1
188,785,104.25421652240038,-199.87598874466948,-648.5384399662689,187.35943118714977,596.1633146639506,-417.395076215631,1,2,1
189,789,274.2385915224004,-399.0300414790445,24.986950658731075,67.66582767152477,1574.9445646639506,34.78094917499402,1,2,1
190,796,-466.0700022275996,-710.1665160884195,110.34827878373108,-368.23798092222523,-1127.4148103360494,396.812199174994,1,2,1
191,800,-335.8942209775996,-387.6755492915445,-143.16539309126892,-283.74823482847523,-1662.3991853360494,449.897160112494,1,2,1
192,804,560.0510915224004,360.9291870365805,107.21937253373108,209.86748782777477,405.2101896639506,-6.927546918755979,1,2,1
193,808,874.0042165224004,418.3283569584555,697.9303100337311,510.27495853089977,2094.4914396639506,-79.66021293438098,1,2,1
194,812,-187.50359597759962,-471.0026977290445,339.4537475337311,-420.33978756285023,-289.7116853360494,331.008488237494,1,2,1
195,816,-100.50750222759962,-171.02003171341948,114.59437253373108,-394.43426998472523,-1385.2429353360494,218.89227729999402,1,2,1
196,820,313.6682790224004,-72.71705319779448,-139.90172121626892,160.60430423402477,-17.914810336049413,61.55829292499402,1,2,1
197,824,626.5940602724004,-106.42335202591948,16.315075658731075,463.55987064027477,1794.1633146639506,-144.30132621563098,1,2,1
198,828,-175.99187722759962,-622.7041137446695,-8.026721216268925,-340.52167232847523,113.38206466395059,62.13934761249402,1,2,1
199,832,-623.1832834775996,-796.622936986857,-577.5716430912689,-530.8468676409752,-1378.6804353360494,304.074406206244,1,2,1
200,824,174.70734152240038,-104.85889890091948,-195.73570559126892,22.358698765274767,-281.3991853360494,-9.00616020000598,1,2,1
201,828,850.9143727724004,564.1735718022055,429.0396850337311,574.1563061871498,1905.5383146639506,-255.12139457500598,1,2,1
202,832,-76.05437722759962,-494.4721801509195,311.4908569087311,-172.03436764097523,731.1164396639506,170.56757026874402,1,2,1
203,836,-512.4059397275996,-785.5588500727945,-118.01890871626892,-408.62762935972523,-1143.8991853360494,129.59686714374402,1,2,1
204,840,97.28156027240038,-256.6047485102945,-269.3860962162689,-214.86029537535023,-575.9460603360494,-80.57647270000598,1,2,1
205,844,919.1096852724004,364.0583374272055,165.77991940873108,312.81963626527477,1355.3820646639506,-188.11089652813098,1,2,1
206,848,134.38702902240038,-300.2353637446695,472.0221069087311,63.03887454652477,1076.5383146639506,-26.99932426250598,1,2,1
207,852,-378.4293772275996,-416.4421508540445,371.2154662837311,-376.73163326597523,-836.1804353360494,283.600285112494,1,2,1
208,856,-74.20281472759962,-434.0776489009195,-296.2532837162689,-247.69501217222523,-780.7741853360494,141.19745308124402,1,2,1
209,860,864.5510915224004,245.14720461470552,-84.93883059126892,326.54375735902477,1096.0383146639506,-20.24932426250598,1,2,1
210,868,634.5940602724004,126.10179445845552,742.5221069087311,154.16704837464977,1511.2101896639506,147.27704292499402,1,2,1
211,872,-530.6442209775996,-532.4030883540445,368.3092162837311,-358.73846920347523,-577.9304353360494,-16.36016410625598,1,2,1
212,876,-42.527033477599616,-147.84132077591948,-4.114611841268925,-204.80194576597523,-754.4460603360494,159.19061714374402,1,2,1
213,880,980.0393727724004,501.7675659428305,249.77796628373108,132.48589603089977,805.0851896639506,67.16864448749402,1,2,1
214,884,645.7268727724004,-115.47584226029448,441.3326537837311,147.99785892152477,1564.7258146639506,-37.19170707500598,1,2,1
215,888,-759.4606272275996,-927.157116674357,44.432263158731075,-463.47870357847523,-312.8054353360494,-104.33648246563098,1,2,1
216,892,-264.0114084775996,-173.12110593216948,51.674450658731075,-337.50433834410023,-752.0085603360494,66.20721870624402,1,2,1
217,896,1021.0784352724004,677.4521362553305,435.6549194087311,417.24712649964977,667.1633146639506,-31.82744926250598,1,2,1
218,900,838.6682790224004,222.41551516158052,391.6002319087311,237.36016360902477,1711.4133146639506,171.52850776874402,1,2,1
219,904,-446.6481272275996,-773.6677367915445,138.39906003373108,-399.64203365660023,3.8508146639505867,289.054386674994,1,2,1
220,898,-459.2535959775996,-673.0178344477945,61.285778783731075,-419.95990475035023,-947.4304353360494,-146.82720512188098,1,2,1
221,902,804.1565602724004,561.2455932865805,347.1432006587311,183.17949954652477,318.9133146639506,-90.27715629375598,1,2,1
222,906,1263.7073415224004,645.8469116459555,649.2935912837311,445.92437259339977,1803.5383146639506,177.00507026874402,1,2,1
223,910,-337.8629709775996,-690.2063110102945,517.4849975337311,-377.06683834410023,374.8976896639506,148.43915229999402,1,2,1
224,914,-817.5309397275996,-611.5952270259195,-110.97789309126892,-503.19769771910023,-812.6960603360494,-82.32012504375598,1,2,1
225,918,198.51202902240038,-35.076672338419485,-213.77476809126892,-28.200871547225233,-14.383560336049413,-94.25591605938098,1,2,1
226,922,1464.4260915224004,875.6452514897055,771.9381225337311,339.35113040589977,1746.3508146639506,131.69794136249402,1,2,1
227,926,283.8948415224004,-253.05079343216948,991.5201537837311,-33.58759029722523,856.3351896639506,234.98553901874402,1,2,1
228,930,-739.1871897275996,-679.2763793696695,119.15491940873108,-475.14642818785023,-832.8835603360494,190.92987495624402,1,2,1
229,934,77.61359152240038,20.243884302205515,-411.4974243412689,-113.02582271910023,-235.2116853360494,86.52508979999402,1,2,1
230,942,1657.7229665224004,1081.0800659428305,707.1178100337311,558.5994214215248,1699.9914396639506,-281.809382856256,1,2,1
231,946,479.6096852724004,-153.67506101029448,1266.135388158731,0.9905347027747666,1234.4133146639506,72.06366401874402,1,2,1
232,950,-833.5582834775996,-818.617077611857,359.2564819087311,-647.2323656878502,-665.4460603360494,182.70477729999402,1,2,1
233,954,48.777654022400384,147.06761477095552,94.25452878373108,-175.02948482847523,-396.9304353360494,43.45331245624402,1,2,1
234,958,1600.9964040224004,1085.9079468022055,835.3932006587311,429.83111087464977,1409.4758146639506,-222.35381645000598,1,2,1
235,962,846.3792165224004,181.80223391158052,1129.387341283731,90.48687259339977,1526.6008146639506,129.17206245624402,1,2,1
236,966,-825.6871897275996,-907.6887328852945,367.9303100337311,-664.6666918597252,-483.3835603360494,481.368839799994,1,2,1
237,970,-0.35125222759961616,-85.21168210404448,264.6861694087311,-179.56683834410023,-551.4460603360494,-20.13750785625598,1,2,1
238,974,1549.1174977724004,1096.5698120365805,772.9439819087311,438.32476321839977,1076.0070646639506,-409.482478559381,1,2,1
239,978,950.9846852724004,312.9399292240805,903.6783569087311,186.26421634339977,1742.2726896639506,-29.63701957500598,1,2,1
240,973,-1078.8239084775996,-1036.5913207759195,155.94593503373108,-687.2868090472252,-249.4773103360494,274.793644487494,1,2,1
241,977,-224.47234597759962,-68.44776608841948,156.41468503373108,-307.88812740660023,-606.6179353360494,254.07391792499402,1,2,1
242,981,1562.1018727724004,1103.6105835209555,1067.113903783731,405.78057376527477,832.8195646639506,-82.85650199688098,1,2,1
243,985,1224.8167165224004,433.1923706303305,979.7857787837311,231.90630618714977,1788.8039396639506,-43.58428520000598,1,2,1
244,989,-643.1871897275996,-660.3891723384195,542.3619506587311,-469.71478756285023,132.0695646639506,578.553898393744,1,2,1
245,993,-97.42547097759962,-43.212658666544485,604.2779662837311,-258.15570553160023,-602.5866853360494,7.712589799994021,1,2,1
246,997,995.8206227724004,596.7848999272055,630.0494506587311,71.04082767152477,404.3195646639506,-363.460261762506,1,2,1
247,1001,1599.5198415224004,897.9074585209555,1084.057263158731,448.58428470277477,1894.6164396639506,-134.75713676250598,1,2,1
248,1005,-101.38250222759962,-272.8098266352945,1165.104138158731,-249.55023678160023,592.3351896639506,252.39716011249402,1,2,1
249,1009,-338.1285959775996,-161.16285397904448,752.2682006587311,-424.89960201597523,-681.5398103360494,113.16815620624402,1,2,1
250,1047,945.0823415224004,732.4152710209555,769.4791381587311,114.42559329652477,176.3508146639506,9.92548042499402,1,2,1
251,1051,1640.5354665224004,899.7626831303305,952.5182006587311,341.92168704652477,1787.9914396639506,19.49237495624402,1,2,1
252,1055,-94.83172097759962,-477.7529418696695,789.6392944087311,-302.23334225035023,875.3820646639506,327.409855424994,1,2,1
253,1059,-624.8825022275996,-385.3955199946695,569.2974975337311,-330.97748287535023,-616.6335603360494,93.61053901874402,1,2,1
254,1063,686.8753102724004,508.4506714115805,784.9693725337311,12.121638218399767,-48.82106033604941,37.10516792499402,1,2,1
255,1067,1773.9964040224004,954.0773803959555,1044.672497533731,403.05376712464977,1568.7101896639506,-49.86504691875598,1,2,1
256,1071,442.8401540224004,-47.884289525919485,1101.625622533731,-5.066838344100233,1291.3351896639506,-46.42315238750598,1,2,1
257,1075,-587.5309397275996,-344.6259887446695,784.4322631587311,-502.72845943785023,-480.3210603360494,138.38104683124402,1,2,1
258,1079,442.7737477724004,357.6882202397055,612.0787475337311,-100.66522701597523,-238.5710603360494,36.21112495624402,1,2,1
259,1083,1760.1839040224004,1081.0129272709555,930.9029662837311,377.88555423402477,1404.6008146639506,-36.25323051250598,1,2,1
260,1078,805.8323415224004,189.33494875533052,1136.539685033731,58.74737064027477,1562.3976896639506,182.52557808124402,1,2,1
261,1082,-648.7965647275996,-482.2902953852945,841.0494506587311,-475.61566646910023,-345.4148103360494,256.331242143744,1,2,1
262,1086,209.17609152240038,214.97239992720552,616.5924194087311,-159.47260006285023,-423.3210603360494,66.45331245624402,1,2,1
263,1090,1587.3596852724004,1002.2006714115805,809.4889037837311,339.93242923402477,1105.2883146639506,-101.20733207500598,1,2,1
264,1094,1135.2073415224004,380.9340698490805,936.1998412837311,196.85894290589977,1795.3508146639506,30.75751167499402,1,2,1
265,1098,-647.9918772275996,-577.9336059321695,814.9869506587311,-483.43890865660023,-83.69606033604941,222.82587104999402,1,2,1
266,1102,-83.52312722759962,44.383776880330515,726.0494506587311,-314.57147701597523,-529.9929353360494,126.08758979999402,1,2,1
267,1106,1310.1526540224004,845.3586303959555,837.2935912837311,189.43804446839977,724.1008146639506,-22.28301566875598,1,2,1
268,1110,1386.2190602724004,623.0705444584555,1148.430310033731,329.58355228089977,1895.2570646639506,13.32294136249402,1,2,1
269,1114,-524.6559397275996,-568.9033324946695,943.7330444087311,-458.67303951597523,317.9914396639506,239.67938667499402,1,2,1
270,1123,-250.08562722759962,-81.76954343216948,676.5396850337311,-378.60907467222523,-750.5085603360494,132.27899604999402,1,2,1
271,1127,1227.0940602724004,828.0358764897055,773.9947631587311,227.23491946839977,424.6789396639506,17.90497261249402,1,2,1
272,1131,1693.2424977724004,895.9628784428305,1285.043591283731,448.47246829652477,2048.9914396639506,-47.40655082500598,1,2,1
273,1135,-311.9332834775996,-410.7871215571695,1272.102185033731,-301.31683834410023,706.8820646639506,238.67352729999402,1,2,1
274,1139,-442.0231272275996,-181.54761960404448,927.5943725337311,-435.91913326597523,-677.4616853360494,233.19696479999402,1,2,1
275,1143,900.5354665224004,673.1384155522055,960.0494506587311,136.64336673402477,287.3508146639506,-21.83623832500598,1,2,1
276,1147,1780.2776540224004,987.4484741459555,1260.076794408731,379.47271243714977,2033.7726896639506,-85.18096488750598,1,2,1
277,1151,44.844060272400384,-257.5883910884195,1262.244763158731,-340.56635006285023,1083.4289396639506,236.90741401874402,1,2,1
278,1155,-621.6637522275996,-307.5444457759195,895.3424194087311,-646.3607836566002,-498.1023103360494,189.54413276874402,1,2,1
279,1159,658.1760915224004,510.0822632084555,895.5201537837311,25.599909702774767,72.27268966395059,-10.30254691875598,1,2,1
280,1150,1840.9182790224004,1086.9809448490805,1316.895153783731,289.93145267152477,1795.7726896639506,-25.18877738750598,1,2,1
281,1154,437.5862477724004,11.526599145955515,1423.244763158731,-219.21893795347523,1421.8820646639506,280.493351518744,1,2,1
282,1158,-677.4293772275996,-342.9047973384195,1063.270153783731,-500.15790279722523,-250.7741853360494,288.853214799994,1,2,1
283,1162,370.6448415224004,315.2646362553305,888.9264037837311,-307.57538326597523,-31.477310336049413,65.51434761249402,1,2,1
284,1166,1754.1956227724004,1101.5541870365805,1202.901013158731,494.80767337464977,1679.9914396639506,-172.46465629375598,1,2,1
285,1170,845.9534352724004,222.61668703658052,1351.070935033731,-1.9599047503502334,1960.8039396639506,-5.698054731255979,1,2,1
286,1174,-760.4215647275996,-499.7917602290445,1105.291638158731,-768.3563891253502,-241.0866853360494,193.52264839374402,1,2,1
287,1178,133.78156027240038,248.43284914595552,1005.8033569087311,-382.11835201597523,-233.3991853360494,50.22577339374402,1,2,1
288,1182,1616.3948415224004,1097.7543823490805,1289.805310033731,316.15020267152477,1462.4445646639506,-45.79717582500598,1,2,1
289,1186,1180.1995290224004,548.7062866459555,1546.537731908731,524.8259839215248,2232.3508146639506,-5.452449262505979,1,2,1
290,1194,-664.3746897275996,-417.4255492915445,1222.258435033731,-164.54657467222523,469.5070646639506,142.18085151874402,1,2,1
291,1198,-52.722345977599616,130.54979250533052,1002.8092162837311,-183.05365475035023,-250.1023103360494,46.87323433124402,1,2,1
292,1202,1386.9534352724004,928.3281128178305,1201.246716283731,324.71074954652477,1077.5851896639506,-130.30913871563098,1,2,1
293,1206,1436.4182790224004,752.9340698490805,1561.869763158731,463.42583743714977,2352.0383146639506,0.3815351124940207,1,2,1
294,1210,-457.1754709775996,-350.6386840571695,1341.192028783731,-399.75385006285023,627.6008146639506,333.243839799994,1,2,1
295,1214,-261.2848459775996,38.594714380330515,1022.8580444087311,-323.08734615660023,-407.1179353360494,160.21893745624402,1,2,1
296,1218,1029.4378102724004,812.4792358647055,1153.369763158731,232.80059329652477,853.8039396639506,-69.84771293438098,1,2,1
297,1222,1475.6018727724004,864.4023315678305,1464.014294408731,478.82622806214977,2461.6789396639506,-112.74077934063098,1,2,1
298,1226,-166.04265847759962,-259.7116821040445,1375.010388158731,-196.86713131285023,1017.6008146639506,227.67645698749402,1,2,1
299,1230,-376.5543772275996,-81.25538327591948,1039.285778783731,-325.61322506285023,-481.2585603360494,263.997746049994,1,2,1
300,1237,641.8128102724004,628.7031128178305,1098.631481908731,-75.81000240660023,339.2726896639506,173.89813667499402,1,2,1
301,1241,1320.2346852724004,971.3776733647055,1422.574841283731,392.50371829652477,2270.4445646639506,76.64569526874402,1,2,1
302,1245,92.42999777240038,-159.08424069779448,1384.063122533731,-91.79144771910023,1340.4914396639506,75.66229683124402,1,2,1
303,1249,-456.9059397275996,-239.17042233841948,1024.647106908731,-423.13373287535023,-619.1023103360494,104.58514839374402,1,2,1
304,1253,377.7503102724004,455.8122436772055,1050.149060033731,-315.80072506285023,-51.13356033604941,40.27948433124402,1,2,1
305,1257,1127.6760915224004,995.7409546147055,1303.260388158731,374.10821048402477,1826.1789396639506,69.87323433124402,1,2,1
306,1261,304.5276540224004,66.89207766158052,1384.397106908731,186.73345462464977,1642.9289396639506,161.22479683124402,1,2,1
307,1265,-484.4684397275996,-328.1750610102945,1020.3775756587311,-446.58075435972523,-442.8210603360494,79.73016792499402,1,2,1
308,1269,107.83234152240038,276.4843628178305,916.8892944087311,-247.29266842222523,-199.3679353360494,7.779972612494021,1,2,1
309,1273,878.8987477724004,870.2582885990805,1094.629528783731,285.52813235902477,1589.5383146639506,-118.90972465313098,1,2,1
310,1265,479.5628102724004,282.9887573490805,1331.557263158731,138.36431399964977,1692.1008146639506,199.53534370624402,1,2,1
311,1269,-417.5700022275996,-291.7417114009195,1070.467419408731,-314.66083248472523,-481.1335603360494,311.383488237494,1,2,1
312,1273,-22.011408477599616,197.78367922408052,845.1842162837311,-228.94183834410023,-669.5085603360494,184.20233589374402,1,2,1
313,1277,766.2034352724004,909.1057007084555,1048.875622533731,291.76446048402477,1089.2570646639506,154.02753120624402,1,2,1
314,1281,601.2698415224004,462.1379272709555,1265.776013158731,596.7539624371498,2261.6320646639506,43.67694526874402,1,2,1
315,1285,-383.6832834775996,-400.6618774165445,885.3053100337311,-346.35565670347523,-130.9304353360494,177.40741401874402,1,2,1
316,1289,-150.93328347759962,42.998034692830515,651.1041381587311,-491.55243404722523,-779.4148103360494,128.72528511249402,1,2,1
317,1293,473.3714040224004,684.9401733647055,833.1373412837311,-73.57489498472523,797.5695646639506,-39.53887504375598,1,2,1
318,1297,578.2893727724004,557.1328003178305,1076.524060033731,432.71441165589977,2056.3039396639506,-26.12774223125598,1,2,1
319,1301,-269.7340647275996,-313.5346801509195,939.3736694087311,-180.43866451597523,18.897689663950587,389.279484331244,1,2,1
320,1294,-264.7731272275996,-2.4655883540444847,729.8932006587311,-88.59515865660023,-969.0398103360494,248.57538276874402,1,2,1
321,1298,345.8089040224004,611.4028198490805,765.8346069087311,292.25615970277477,337.4758146639506,-38.59991020000598,1,2,1
322,1302,629.9221852724004,646.0480835209555,970.0182006587311,281.48247806214977,2224.0070646639506,-81.85064262188098,1,2,1
323,1306,-178.67156472759962,-305.3762328852945,839.2603881587311,-453.17450435972523,484.2258146639506,311.785831987494,1,2,1
324,1310,-372.9996897275996,-171.91407468216948,543.3228881587311,-474.25214107847523,-1095.3835603360494,275.330265581244,1,2,1
325,1314,168.98468527240038,460.6625854740805,614.2682006587311,-41.54486568785023,-141.5866853360494,131.16132026874402,1,2,1
326,1318,592.6174977724004,742.0934936772055,824.8892944087311,432.28985110902477,1946.9601896639506,-84.86822074688098,1,2,1
327,1322,-63.429377227599616,-193.72926022904448,782.9127319087311,112.43633548402477,988.4601896639506,162.32001167499402,1,2,1
328,1326,-453.2848459775996,-261.6787231196695,472.7369506587311,-348.14374264097523,-1138.2273103360494,302.331242143744,1,2,1
329,1330,-7.390314727599616,349.1052124272055,456.6432006587311,124.23809329652477,-411.0866853360494,73.73993354999402,1,2,1
330,1340,464.9456227724004,738.6288940678305,647.2369506587311,355.06450931214977,1749.3664396639506,-235.83184379375598,1,2,1
331,1344,25.734685272400384,-53.405041479044485,709.9107787837311,-186.58539303160023,1243.8195646639506,143.43280464374402,1,2,1
332,1348,-508.1832834775996,-326.1633422602945,412.9010131587311,-361.57709225035023,-1073.8366853360494,253.89471870624402,1,2,1
333,1352,-179.00750222759962,211.97703859908052,297.4322631587311,-57.81683834410023,-778.0241853360494,-26.70879691875598,1,2,1
334,1356,344.9846852724004,755.5046264897055,555.5064819087311,438.21294681214977,1390.6789396639506,-244.37017387188098,1,2,1
335,1360,107.11749777240038,122.25731203658052,647.5728881587311,73.32085696839977,1612.0851896639506,10.39520698749402,1,2,1
336,1364,-532.7028147275996,-403.1206176509195,341.9342162837311,-533.4843188128502,-907.2429353360494,255.77264839374402,1,2,1
337,1368,-308.0895334775996,115.28343508345552,252.28187253373108,-131.86835201597523,-1006.1491853360494,-49.95489066875598,1,2,1
338,1372,186.53156027240038,700.2509643803305,393.2760131587311,349.70000735902477,900.8508146639506,-351.792537153131,1,2,1
339,1376,124.25812277240038,282.6086303959555,522.0455444087311,227.61480228089977,1873.6320646639506,-196.49273246563098,1,2,1
340,1368,-506.5739084775996,-408.1496703852945,359.3248412837311,-442.28925045347523,-515.9304353360494,161.73846870624402,1,2,1
341,1372,-437.1051584775996,-2.8007934321694847,119.91468503373108,-224.98553951597523,-1234.1648103360494,-129.77276176250598,1,2,1
342,1376,60.086247772400384,627.4067260990805,240.97132565873108,354.23760501527477,461.1789396639506,-396.406794965631,1,2,1
343,1380,211.78937277240038,508.3613159428305,513.1490600337311,483.31890384339977,1976.8508146639506,-240.57036918438098,1,2,1
344,1384,-462.1832834775996,-370.6880004634195,333.7760131587311,-410.16986568785023,-178.6648103360494,171.79706245624402,1,2,1
345,1388,-528.6129709775996,-89.79371335404448,55.430310033731075,-446.87128170347523,-1331.8366853360494,-39.87383598125598,1,2,1
346,1392,-74.24578347759962,528.8578979740805,143.04945065873108,261.45537845277477,0.3976896639505867,-378.502986371881,1,2,1
347,1396,217.51202902240038,608.5417358647055,377.0494506587311,444.98565189027477,1956.9133146639506,-416.590388715631,1,2,1
348,1400,-398.0114084775996,-296.4355590571695,312.6529662837311,-224.49384029722523,228.5226896639506,5.388371049994021,1,2,1
349,1404,-632.9723459775996,-205.08399655716948,42.979138158731075,-378.85492428160023,-1410.6491853360494,-65.26568168438098,1,2,1
350,1416,-183.12078347759962,396.6249878178305,31.692028783731075,-19.483586390975233,-387.1804353360494,-335.408748090631,1,2,1
351,1420,201.50812277240038,701.8603393803305,290.9049194087311,471.13701907777477,1795.6789396639506,-516.569636762506,1,2,1
352,1424,-345.0153147275996,-211.83424069779448,296.8502319087311,-82.35907467222523,733.6164396639506,-150.22466605938098,1,2,1
353,1428,-669.5621897275996,-290.8029906977945,2.0533569087310752,-436.85785396910023,-1390.5554353360494,-73.78155082500598,1,2,1
354,1432,-302.9254709775996,280.6865112553305,-33.149768091268925,-83.56610592222523,-702.0398103360494,-387.108455121881,1,2,1
355,1436,164.20343527240038,733.0410034428305,210.84241940873108,350.48247806214977,1508.4601896639506,-519.296687543756,1,2,1
356,1440,-210.10125222759962,-57.339123510294485,269.6490600337311,-52.13959225035023,1130.3820646639506,-162.65215629375598,1,2,1
357,1444,-676.0426584775996,-324.4423949946695,-14.263049341268925,-358.13495357847523,-1321.3054353360494,-35.85088676250598,1,2,1
358,1448,-356.9059397275996,206.21043703658052,-102.21617434126892,-24.825627406600233,-1016.8054353360494,-343.701228559381,1,2,1
359,1452,114.00031027240038,726.9836303959555,85.55921628373108,382.35601321839977,1147.2883146639506,-570.124568403131,1,2,1
360,1446,-63.202814727599616,133.58958742720552,272.0182006587311,175.31182376527477,1485.6164396639506,-252.34966605938098,1,2,1
361,1450,-646.3825022275996,-385.0825317134195,-2.9525024662689248,-395.06000240660023,-1022.9148103360494,-16.44951957500598,1,2,1
362,1454,-455.4762522275996,84.81810305220552,-163.46031496626892,-189.62518795347523,-1232.7741853360494,-266.945369184381,1,2,1
363,1458,48.867497772400384,691.0419800053305,15.018200658731075,367.40264407777477,703.2414396639506,-533.288875043756,1,2,1
364,1462,37.222966522400384,316.4492065678305,214.03773190873108,250.07842532777477,1761.1320646639506,-346.137751996881,1,2,1
365,1466,-612.6754709775996,-412.2624633540445,3.2389037837310752,-420.98798092222523,-717.7273103360494,28.11981636249402,1,2,1
366,1470,-508.8512522275996,4.150622583455515,-206.84508059126892,-254.62396725035023,-1457.0710603360494,-204.60650199688098,1,2,1
367,1474,-48.003595977599616,590.4369995365805,-89.07359621626892,279.58257571839977,256.8351896639506,-498.688289106256,1,2,1
368,1478,105.73077902240038,462.5849487553305,164.05921628373108,410.38506595277477,1890.2414396639506,-427.587459028131,1,2,1
369,1482,-531.2731272275996,-379.0476196040445,24.539685033731075,-292.44305904722523,-293.6648103360494,-18.81866020000598,1,2,1
370,1525,-584.0426584775996,-102.75782468216948,-231.25328371626892,-292.77850826597523,-1528.2273103360494,-139.83111137188098,1,2,1
371,1529,-118.88250222759962,495.8220093022055,-178.61461184126892,245.02691165589977,-138.2273103360494,-506.734919965631,1,2,1
372,1533,167.46515402240038,603.6691772709555,58.178356908731075,462.73296634339977,1871.3508146639506,-501.862361371881,1,2,1
373,1537,-430.2184397275996,-314.4065063227945,35.492810033731075,-293.62787350035023,127.02268966395059,-13.05205863750598,1,2,1
374,1541,-626.8239084775996,-206.91700436966948,-278.2806274662689,-428.45355709410023,-1558.8366853360494,-126.59893363750598,1,2,1
375,1545,-208.91375222759962,364.7736694584555,-265.7650024662689,101.77447024964977,-519.1648103360494,-439.567927778131,1,2,1
376,1549,199.36359152240038,672.2443725834555,0.06507565873107524,492.48296634339977,1716.7414396639506,-532.707576215631,1,2,1
377,1553,-276.6637522275996,-177.07740476029448,63.074841283731075,-135.84686764097523,612.1789396639506,-88.53374809063098,1,2,1
378,1557,-661.4020334775996,-313.8476684321695,-294.0833618412689,-436.07538326597523,-1531.0866853360494,-64.48321098125598,1,2,1
379,1561,-296.6676584775996,238.84398195845552,-349.2923462162689,6.533747593399767,-909.2116853360494,-372.087947309381,1,2,1
380,1569,190.75812277240038,707.4929077397055,-47.388049341268925,501.26739017152477,1404.6008146639506,-534.987605512506,1,2,1
381,1573,-137.99187722759962,-41.960949682169485,50.668591283731075,-64.81293209410023,1085.9914396639506,-134.80181449688098,1,2,1
382,1577,-624.7262522275996,-351.4209106196695,-234.42711184126892,-445.64203365660023,-1399.0554353360494,-13.67803520000598,1,2,1
383,1581,-352.7028147275996,149.34764406783052,-337.6028930912689,-77.97821529722523,-1203.8210603360494,-288.671199262506,1,2,1
384,1585,150.74640402240038,692.1821167240805,-126.80406496626892,526.8823804058998,1044.2883146639506,-522.582332075006,1,2,1
385,1589,-8.980158477599616,129.54393313033052,57.688122533731075,217.57891360902477,1454.7570646639506,-239.43047660625598,1,2,1
386,1593,-592.4918772275996,-403.5227172602945,-203.80601809126892,-468.10541256285023,-1153.1179353360494,36.74774604999402,1,2,1
387,1597,-416.6520334775996,44.964831567830515,-388.1400024662689,-154.48822506285023,-1420.8210603360494,-228.61211723125598,1,2,1
388,1601,89.61359152240038,632.9052612553305,-225.37437746626892,414.67656985902477,593.1789396639506,-516.346248090631,1,2,1
389,1605,118.62921652240038,303.7534057865805,24.361950658731075,314.31719485902477,1704.3351896639506,-321.573054731256,1,2,1
390,1602,-533.5075022275996,-412.4411742915445,-158.96812746626892,-436.45551021910023,-816.4460603360494,45.53192573749402,1,2,1
391,1606,-475.6168772275996,-44.643322729044485,-369.4095337162689,-260.05560787535023,-1566.1023103360494,-156.34893363750598,1,2,1
392,1610,27.074529022400384,559.2785522709555,-255.43883059126892,341.25103274964977,153.1945646639506,-458.410457075006,1,2,1
393,1614,192.76984152240038,459.3886596928305,-1.8567993412689248,413.46953860902477,1810.7258146639506,-386.214412153131,1,2,1
394,1618,-440.0309397275996,-377.8405883540445,-127.60875246626892,-431.82855709410023,-448.3210603360494,61.11102729999402,1,2,1
395,1622,-510.9098459775996,-126.78590085404448,-385.3919555912689,-343.91913326597523,-1701.5866853360494,-79.79424613750598,1,2,1
396,1626,-55.827814727599616,457.6674682865805,-290.7982055912689,261.74590579652477,-273.3054353360494,-431.565974653131,1,2,1
397,1630,236.64484152240038,567.7050659428305,-78.68101809126892,447.13140384339977,1789.0070646639506,-456.622371137506,1,2,1
398,1634,-332.1168772275996,-299.4531371821695,-98.77476809126892,-216.42499264097523,58.17893966395059,-6.972468793755979,1,2,1
399,1638,-535.6989084775996,-191.85181882279448,-346.1634399662689,-327.87079342222523,-1738.3210603360494,-51.45244926250598,1,2,1
400,1633,-123.89031472759962,367.5676147709555,-341.1126587162689,105.66387454652477,-689.6960603360494,-339.499080121881,1,2,1
401,1637,281.2815602724004,673.1606323490805,-81.96617434126892,536.3818921246498,1593.1789396639506,-478.035212934381,1,2,1
402,1641,-172.95281472759962,-168.74000241654448,-35.206408716268925,-93.13275631285023,548.8664396639506,-47.16094535625598,1,2,1
403,1645,-564.8903147275996,-286.2209594477945,-339.4134399662689,-384.82294185972523,-1678.0710603360494,31.45038276874402,1,2,1
404,1649,-216.42547097759962,246.10838625533052,-376.0267212162689,47.97393314027477,-1044.5085603360494,-289.721736371881,1,2,1
405,1653,242.72296652240038,680.2238647709555,-169.20445559126892,519.7522534527748,1310.2101896639506,-509.104304731256,1,2,1
406,1657,-59.202814727599616,-26.650158666544485,-28.657580591268925,31.858210484024767,985.9289396639506,-110.19268363750598,1,2,1
407,1661,-530.9137522275996,-336.0651977290445,-273.4310180912689,-472.55341060972523,-1532.4929353360494,77.91962104999402,1,2,1
408,1665,-268.5700022275996,159.67406008345552,-391.7396118412689,-75.22894771910023,-1316.9929353360494,-245.01836723125598,1,2,1
409,1669,225.96124777240038,693.0314819584555,-199.24547121626892,466.59966556214977,902.6945646639506,-461.249080121881,1,2,1
410,1678,95.76202902240038,157.12596438033052,-23.964221216268925,164.78423587464977,1368.3820646639506,-148.61529105938098,1,2,1
411,1682,-507.5778147275996,-382.3332641352945,-275.8235962162689,-437.46136959410023,-1310.9616853360494,80.44549995624402,1,2,1
412,1686,-342.1520334775996,60.767565942830515,-402.1321899662689,-128.33661373472523,-1558.7273103360494,-189.96612113750598,1,2,1
413,1690,157.02765402240038,641.6894409428305,-240.55211184126892,404.46197024964977,451.9601896639506,-438.741023481256,1,2,1
414,1694,188.90265402240038,316.2255737553305,7.463513158731075,298.24639407777477,1617.8039396639506,-255.83672660625598,1,2,1
415,1698,-439.8317209775996,-395.0068481196695,-177.40758059126892,-404.67133053160023,-920.1023103360494,82.63592964374402,1,2,1
416,1702,-401.8121897275996,-32.975598119669485,-411.8333618412689,-223.93500240660023,-1733.7429353360494,-120.00493949688098,1,2,1
417,1706,98.51202902240038,569.6721069584555,-302.0189087162689,380.85845462464977,-1.1648103360494133,-429.286189496881,1,2,1
418,1710,278.7542165224004,481.6955444584555,-38.804064966268925,400.39385501527477,1733.4289396639506,-347.434138715631,1,2,1
419,1714,-358.2262522275996,-358.7968871821695,-111.71617434126892,-393.98724850035023,-500.7273103360494,93.25311714374402,1,2,1
420,1708,-447.5660959775996,-121.06373288529448,-415.6107055912689,-265.71039303160023,-1867.2273103360494,-38.55547660625598,1,2,1
421,1712,19.789372772400384,479.3710815678305,-333.2220337162689,273.36895267152477,-442.6023103360494,-329.373835981256,1,2,1
422,1716,311.5237477724004,584.3349487553305,-71.75133059126892,556.7219800152748,1690.4758146639506,-398.239558637506,1,2,1
423,1720,-242.12859597759962,-275.4697387446695,-67.83922121626892,-192.88861568785023,-27.680435336049413,74.96942573749402,1,2,1
424,1724,-462.2067209775996,-191.38233640091948,-365.1849243412689,-365.53339107847523,-1846.0241853360494,12.92059761249402,1,2,1
425,1728,-58.198908477599616,374.4965698490805,-372.1360962162689,107.92119876527477,-838.2429353360494,-310.151423871881,1,2,1
426,1732,350.0120290224004,690.0585815678305,-116.94664309126892,515.9971264996498,1486.9445646639506,-426.492244184381,1,2,1
427,1736,-121.89812722759962,-155.28443601029448,-63.100939966268925,-95.70306881285023,463.3664396639506,1.6329999562440207,1,2,1
428,1740,-506.4606272275996,-285.2597778071695,-373.1204712162689,-431.42621334410023,-1793.4929353360494,33.77508979999402,1,2,1
429,1744,-132.82781472759962,271.7905151615805,-368.8060180912689,23.476374546524767,-1190.1023103360494,-254.60723441875598,1,2,1
430,1736,344.2464040224004,728.1459839115805,-145.60093996626892,559.0464429058998,1183.1164396639506,-448.463923871881,1,2,1
431,1740,30.984685272400384,14.343005395955515,1.3619506587310752,87.89409915589977,891.4758146639506,-54.22393363750598,1,2,1
432,1744,-470.4293772275996,-329.9184692134195,-286.0150024662689,-420.36224850035023,-1645.2585603360494,118.26434761249402,1,2,1
433,1748,-197.82781472759962,179.14232180220552,-395.3157837162689,-42.34955318785023,-1449.7273103360494,-179.43828910625598,1,2,1
434,1752,296.4807790224004,714.6232788334555,-211.15953371626892,492.39361087464977,781.4758146639506,-452.598933637506,1,2,1
435,1756,154.27765402240038,184.26097414595552,-20.745471216268925,214.58379642152477,1287.7414396639506,-142.44610160625598,1,2,1
436,1760,-462.9879709775996,-391.3857543696695,-272.8724243412689,-470.16180904722523,-1377.4773103360494,147.12079292499402,1,2,1
437,1764,-286.6090647275996,59.538317895955515,-425.6907837162689,-97.96063717222523,-1675.6491853360494,-135.09258598125598,1,2,1
438,1768,231.50421652240038,667.5727417240805,-212.41148684126892,404.57354251527477,347.7570646639506,-411.538875043756,1,2,1
439,1772,265.5237477724004,361.8010132084555,16.693981908731075,329.96343509339977,1548.4289396639506,-229.52862113750598,1,2,1
440,1778,-382.9918772275996,-370.3081176509195,-192.45054934126892,-372.30585201597523,-1014.3679353360494,148.70770698749402,1,2,1
441,1782,-340.5895334775996,-17.418713354044485,-401.5286743412689,-211.61932857847523,-1855.4304353360494,-68.66314262188098,1,2,1
442,1786,149.11359152240038,579.7973510990805,-300.2982055912689,336.24444095277477,-123.50856033604941,-377.877253950006,1,2,1
443,1790,342.7268727724004,508.7189819584555,-33.059924341268925,442.68340579652477,1658.0226896639506,-322.042537153131,1,2,1
444,1794,-285.3785959775996,-330.0078246821695,-125.01500246626892,-422.44086178160023,-549.6804353360494,93.54364448749402,1,2,1
445,1798,-393.8746897275996,-101.97535397904448,-411.7669555912689,-297.58417232847523,-1982.0866853360494,-19.04229301250598,1,2,1
446,1802,84.58624777240038,497.3864624272055,-328.7298462162689,302.85088626527477,-545.9929353360494,-291.487605512506,1,2,1
447,1806,395.7229665224004,644.1481811772055,-69.71812746626892,546.5518139996498,1615.2101896639506,-356.374812543756,1,2,1
448,1810,-184.08172097759962,-248.42408444779448,-61.313830591268925,-242.88934810972523,-88.58668533604941,120.16424995624402,1,2,1
449,1814,-400.8707834775996,-175.06568601029448,-376.6282837162689,-319.51117428160023,-1951.2898103360494,38.78192573749402,1,2,1
450,1822,-1.8707834775996162,391.9533569584555,-376.7630493412689,130.92119876527477,-927.3991853360494,-267.079646528131,1,2,1
451,1826,380.9026540224004,706.3754760990805,-100.07164309126892,567.5400952496498,1422.1476896639506,-390.729304731256,1,2,1
452,1830,-39.980158477599616,-112.70435788529448,-23.202502466268925,-64.63422115660023,428.3195646639506,40.14520698749402,1,2,1
453,1834,-431.1129709775996,-262.4162719477945,-346.3196899662689,-401.87738521910023,-1868.3054353360494,79.08173042499402,1,2,1
454,1838,-100.33172097759962,273.5114624272055,-404.6360962162689,-19.438908656600233,-1262.7898103360494,-221.88433402813098,1,2,1
455,1842,367.4026540224004,738.2265503178305,-154.16148684126892,503.07769290589977,1102.6633146639506,-399.111384809381,1,2,1
456,1846,87.33624777240038,49.345935083455515,15.375622533731075,136.15142337464977,899.3351896639506,-49.08282035625598,1,2,1
457,1850,-420.9450022275996,-304.3256957759195,-266.8607055912689,-405.61005123472523,-1695.8523103360494,157.89423042499402,1,2,1
458,1854,-167.07390847759962,185.82567141158052,-399.9192993412689,-58.91205318785023,-1559.0241853360494,-177.11382621563098,1,2,1
459,1858,330.1214040224004,730.1130249272055,-203.11265871626892,476.81450931214977,703.7570646639506,-428.257869184381,1,2,1
460,1851,202.15656027240038,217.98973391158052,-5.075549341268925,190.71221439027477,1238.6633146639506,-108.18096488750598,1,2,1
461,1855,-386.8356272275996,-337.6074340571695,-221.44078371626892,-408.04633053160023,-1445.9460603360494,181.54217964374402,1,2,1
462,1859,-228.22625222759962,99.59251711470552,-419.4095337162689,-129.20843990660023,-1783.4773103360494,-99.77666801250598,1,2,1
463,1863,271.2464040224004,686.9741089115805,-275.8900024662689,407.74761478089977,259.4445646639506,-369.942195356256,1,2,1
464,1867,317.1760915224004,391.9533569584555,-4.807971216268925,373.37066165589977,1534.1476896639506,-217.61504691875598,1,2,1
465,1871,-322.1051584775996,-337.7417114009195,-144.84117434126892,-378.92206295347523,-1062.9616853360494,184.49286323749402,1,2,1
466,1875,-286.4098459775996,1.0661499272055153,-393.8626587162689,-223.95746334410023,-1919.6648103360494,-58.22491020000598,1,2,1
467,1879,179.09015402240038,587.6205932865805,-308.8138305912689,303.36504642152477,-186.2429353360494,-336.079402387506,1,2,1
468,1883,369.3909352724004,529.1706421147055,-52.753283716268925,472.14287845277477,1634.0539396639506,-284.782039106256,1,2,1
469,1887,-223.80047097759962,-277.9953735102945,-90.46031496626892,-289.71625240660023,-612.0866853360494,160.82245308124402,1,2,1
470,1893,-337.8395334775996,-73.67823483841948,-369.6556274662689,-297.47235592222523,-2016.8991853360494,30.60077339374402,1,2,1
471,1897,103.34015402240038,509.7023803959555,-318.8509399662689,238.16485110902477,-620.1335603360494,-271.974666059381,1,2,1
472,1901,421.4495290224004,660.1967651615805,-70.79039309126892,546.9094800152748,1567.8351896639506,-332.838435590631,1,2,1
473,1905,-123.77703347759962,-207.83326413529448,-63.860705591268925,-177.51044185972523,-86.03981033604941,124.27704292499402,1,2,1
474,1909,-380.6207834775996,-169.47779538529448,-358.5462524662689,-352.18939693785023,-2003.1335603360494,83.21698433124402,1,2,1
475,1913,17.664372772400384,399.3295776615805,-357.1829712162689,119.07476321839977,-1023.1335603360494,-250.85210746563098,1,2,1
476,1917,430.0784352724004,733.8681518803305,-135.40953371626892,514.3652905621498,1355.7101896639506,-399.759578168756,1,2,1
477,1921,1.7737477724003838,-80.04835202591948,-22.868518091268925,-71.89862545347523,413.3039396639506,47.23065620624402,1,2,1
478,1925,-401.4098459775996,-237.49415280716948,-314.9837524662689,-410.19208248472523,-1937.2741853360494,101.43378120624402,1,2,1
479,1929,-68.70281472759962,289.0012085209555,-387.2903930912689,33.82525149964977,-1316.6179353360494,-204.87456840313098,1,2,1
480,1920,407.3440602724004,756.5773803959555,-169.63023684126892,551.6033276715248,1042.5851896639506,-381.676814496881,1,2,1
481,1924,136.55499777240038,87.56737063033052,15.822888158731075,154.52471439027477,844.5539396639506,2.8849530812440207,1,2,1
482,1928,-386.2301584775996,-292.4345824946695,-280.1810180912689,-419.42352779722523,-1760.7741853360494,178.01092964374402,1,2,1
483,1932,-142.50750222759962,194.45335695845552,-408.0775024662689,-77.19598873472523,-1617.6491853360494,-133.55010551250598,1,2,1
484,1936,349.5003102724004,739.0983764897055,-211.51695559126892,481.24004642152477,667.6164396639506,-386.415584028131,1,2,1
485,1940,255.06281027240038,262.9838745365805,4.692028783731075,243.90923587464977,1255.8039396639506,-95.35113090313098,1,2,1
486,1944,-353.3278147275996,-319.9719360102945,-214.24351809126892,-419.35638912535023,-1478.5554353360494,196.78632026874402,1,2,1
487,1948,-208.89422097759962,108.28734133345552,-386.8431274662689,-132.60590084410023,-1839.0866853360494,-85.60576957500598,1,2,1
488,1952,294.4026540224004,701.1227905522055,-249.15758059126892,433.13921634339977,216.0851896639506,-367.505916059381,1,2,1
489,1956,335.0354665224004,415.8251831303305,-5.768908716268925,359.26665774964977,1504.7258146639506,-203.84649223125598,1,2,1
490,1997,-293.4254709775996,-321.0896117915445,-151.12242434126892,-393.87543209410023,-1069.7429353360494,171.08173042499402,1,2,1
